Passenger ID,Age,Speed,Location,Non-aeronautical Revenue,Group Size,Carry-on,Special Needs Status,Distance from Gate
P001,47,0.95,Shop 1,44.31,2,False,False,97.23
P002,26,0.768,Shop 2,69.31,1,True,False,226.78
P003,52,0.758,Restaurant 2,94.42,1,True,False,199.55
P004,29,1.383,Gate 1,17.78,1,True,False,43.77
P005,38,1.442,Gate 1,25.69,1,True,False,40.8
P006,62,0.438,Shop 2,67.63,1,False,True,165.04
P007,59,0.366,Restaurant 1,138.79,2,False,True,183.17
P008,11,0.51,Shop 1,61.56,1,False,True,99.47
P009,61,1.075,Shop 1,57.55,1,True,False,71.96
P010,28,0.808,Shop 2,82.36,3,True,False,181.32
P011,43,0.473,Shop 1,42.32,1,False,True,106.93
P012,51,0.758,Restaurant 2,198.6,2,True,False,205.52
P013,18,0.588,Shop 1,173.73,2,False,False,99.31
P014,50,1.219,Shop 1,99.45,1,True,False,101.85
P015,40,1.894,Restaurant 2,20.25,1,True,False,234.24
P016,33,1.714,Shop 2,87.19,1,True,False,151.93
P017,40,1.73,Shop 2,75.53,1,True,False,126.22
P018,45,1.068,Shop 2,34.19,1,True,False,188.01
P019,63,0.95,Restaurant 2,124.46,1,True,False,200.92
P020,30,1.323,Restaurant 1,104.99,1,True,False,175.09
P021,30,1.303,Gate 2,43.74,1,False,False,83.21
P022,40,1.094,Gate 3,65.17,2,True,False,141.85
P023,29,0.942,Gate 3,42.46,1,False,False,104.87
P024,57,0.572,Gate 1,44.81,3,False,False,64.75
P025,59,1.325,Shop 2,107.03,1,True,False,170.7
P026,58,0.308,Shop 2,232.55,3,False,True,215.69
P027,54,1.12,Duty Free,110.06,1,True,False,188.86
P028,38,1.488,Shop 1,123.67,1,True,False,124.76
P029,44,1.027,Restaurant 1,76.3,1,False,False,246.13
P030,55,0.948,Gate 3,13.45,1,True,False,106.61
P031,10,0.364,Shop 2,57.7,1,False,True,161.0
P032,38,1.015,Restaurant 1,44.11,1,True,False,201.69
P033,17,0.737,Shop 1,58.87,1,True,False,127.34
P034,30,0.975,Restaurant 2,64.47,1,True,False,206.3
P035,53,0.391,Restaurant 2,115.16,1,True,False,227.09
P036,36,0.571,Gate 2,32.38,3,True,False,105.65
P037,15,1.149,Shop 2,106.33,1,True,False,115.83
P038,10,0.369,Duty Free,107.51,1,False,True,190.13
P039,45,0.69,Shop 2,68.69,1,True,False,141.89
P040,52,0.535,Shop 1,168.99,3,True,False,55.78
P041,52,1.422,Gate 2,47.16,1,True,False,68.59
P042,28,1.113,Restaurant 2,105.45,1,False,False,259.03
P043,68,0.323,Gate 1,10.82,1,False,True,60.94
P044,52,1.341,Gate 1,7.34,1,True,False,48.51
P045,35,1.536,Restaurant 1,0.0,1,True,False,205.97
P046,58,0.962,Gate 3,41.8,1,True,False,98.61
P047,50,1.525,Gate 2,19.71,1,True,False,87.21
P048,48,0.724,Shop 2,9.27,1,False,True,99.91
P049,13,0.171,Gate 2,68.65,3,False,True,107.33
P050,15,1.016,Gate 2,26.61,1,False,False,47.39
P051,18,0.801,Shop 2,83.17,1,True,False,120.72
P052,14,0.229,Shop 1,183.33,2,False,True,119.74
P053,13,0.388,Duty Free,159.15,1,False,True,218.59
P054,17,0.537,Shop 1,161.68,3,True,False,98.84
P055,18,0.499,Gate 1,41.35,1,False,True,45.6
P056,41,0.536,Information Desk,92.19,3,False,False,149.66
P057,19,1.225,Shop 1,149.6,1,True,False,81.63
P058,30,0.89,Gate 2,23.71,1,True,False,86.94
P059,63,0.73,Shop 2,79.69,1,True,False,166.3
P060,32,0.963,Restaurant 1,151.72,2,True,False,213.73
P061,52,0.996,Restaurant 2,89.72,1,True,False,231.48
P062,42,1.228,Restaurant 2,94.93,1,False,False,263.33
P063,56,0.579,Shop 2,63.14,1,True,False,135.6
P064,18,1.146,Gate 1,27.98,1,True,False,38.53
P065,21,0.902,Information Desk,80.55,2,True,False,232.93
P066,29,1.728,Shop 1,66.74,1,True,False,136.02
P067,51,0.352,Restaurant 1,128.83,2,False,True,183.87
P068,37,1.425,Gate 1,32.29,1,True,False,59.25
P069,41,0.835,Restaurant 2,212.19,2,True,False,217.43
P070,26,0.413,Restaurant 2,65.44,3,True,False,237.13
P071,16,0.725,Gate 3,67.78,2,False,False,127.6
P072,44,1.017,Gate 3,41.45,1,True,False,77.61
P073,16,0.839,Restaurant 1,192.96,1,True,False,180.25
P074,45,0.991,Shop 1,126.8,2,True,False,125.97
P075,10,0.417,Shop 1,175.63,1,False,True,158.76
P076,54,0.508,Duty Free,128.99,1,False,True,189.08
P077,44,1.187,Gate 3,21.42,1,False,False,112.71
P078,23,0.436,Restaurant 1,72.28,1,True,False,187.86
P079,10,0.5,Shop 2,94.0,1,False,True,108.31
P080,41,1.638,Shop 2,85.95,1,True,False,148.99
P081,25,1.14,Shop 1,91.05,1,True,False,95.51
P082,40,1.746,Restaurant 2,53.5,1,False,False,236.23
P083,27,1.126,Gate 1,28.23,1,False,False,66.23
P084,27,0.846,Gate 1,28.63,1,True,False,55.63
P085,43,0.619,Restaurant 2,145.87,2,True,False,284.75
P086,38,0.722,Restaurant 2,132.09,2,True,False,253.65
P087,50,1.306,Shop 2,72.39,1,True,False,128.87
P088,41,1.203,Gate 3,37.76,1,True,False,92.94
P089,39,0.33,Shop 1,84.64,1,False,False,116.36
P090,21,0.976,Shop 1,63.23,1,True,False,112.0
P091,46,1.376,Restaurant 2,110.65,1,False,False,243.57
P092,31,1.411,Gate 1,17.84,1,True,False,49.69
P093,19,1.014,Gate 3,55.89,1,True,False,118.43
P094,40,1.404,Restaurant 1,124.37,1,False,False,203.6
P095,57,0.425,Shop 1,89.1,1,False,True,114.38
P096,61,0.722,Restaurant 2,181.56,2,True,False,197.76
P097,44,0.896,Shop 2,70.69,2,True,False,142.54
P098,40,0.819,Restaurant 2,57.73,2,False,False,278.28
P099,52,0.295,Restaurant 1,165.86,3,False,True,223.54
P100,28,0.866,Shop 2,88.22,3,False,False,136.37
P101,17,0.276,Restaurant 2,185.24,2,False,True,256.32
P102,39,0.582,Shop 2,62.45,1,False,True,170.89
P103,62,0.371,Restaurant 2,192.62,3,True,False,232.52
P104,42,1.236,Shop 2,56.26,1,True,False,180.99
P105,64,0.509,Restaurant 2,88.5,2,True,False,267.67
P106,62,0.91,Shop 1,69.39,1,True,False,94.58
P107,51,1.34,Restaurant 1,194.86,1,False,False,213.92
P108,46,0.928,Restaurant 2,87.3,1,True,False,186.68
P109,37,1.256,Shop 2,66.1,1,True,False,128.73
P110,53,1.354,Shop 1,102.95,1,True,False,98.44
P111,41,1.129,Gate 2,16.2,1,True,False,66.8
P112,40,0.553,Information Desk,85.81,3,True,False,228.96
P113,42,0.714,Restaurant 1,102.47,2,True,False,252.24
P114,64,0.82,Shop 2,97.5,1,True,False,146.91
P115,53,0.792,Shop 2,77.86,1,True,False,180.86
P116,56,1.232,Information Desk,36.62,1,True,False,232.68
P117,45,1.397,Shop 1,85.51,1,False,False,136.76
P118,38,0.228,Restaurant 2,83.64,2,False,True,267.38
P119,62,1.444,Restaurant 1,96.4,1,True,False,252.6
P120,62,0.584,Shop 1,119.32,1,True,False,112.22
P121,36,1.213,Shop 1,54.54,1,False,False,100.14
P122,41,0.739,Gate 1,37.81,2,True,False,34.16
P123,42,1.226,Restaurant 1,102.03,1,True,False,171.23
P124,57,0.964,Duty Free,28.93,1,True,False,179.0
P125,10,0.336,Restaurant 2,175.83,2,False,True,342.01
P126,12,0.437,Shop 2,77.83,1,False,True,197.57
P127,18,0.825,Shop 2,78.84,1,True,False,178.95
P128,38,0.572,Restaurant 1,102.23,1,False,True,263.95
P129,16,0.926,Restaurant 2,118.8,1,True,False,239.04
P130,23,0.616,Restaurant 1,109.03,1,True,False,235.98
P131,43,1.238,Shop 1,109.57,1,True,False,109.35
P132,26,0.705,Restaurant 1,192.05,2,True,False,189.21
P133,49,0.946,Gate 1,36.59,1,False,False,42.53
P134,50,0.451,Gate 1,13.49,2,False,False,54.5
P135,28,0.717,Shop 1,85.08,2,True,False,93.84
P136,28,0.587,Restaurant 1,152.68,2,True,False,225.33
P137,10,0.461,Restaurant 2,82.83,1,False,True,290.36
P138,39,1.404,Restaurant 2,65.02,1,True,False,297.75
P139,43,0.857,Shop 2,95.3,1,False,False,148.03
P140,49,0.984,Information Desk,52.02,1,True,False,207.2
P141,55,1.069,Restaurant 2,86.55,1,True,False,313.73
P142,31,1.239,Shop 2,69.67,1,True,False,104.24
P143,22,0.812,Restaurant 1,180.26,2,True,False,207.69
P144,15,0.751,Shop 2,61.82,1,False,False,200.14
P145,59,1.052,Gate 2,44.55,1,False,False,84.58
P146,27,0.897,Restaurant 2,87.4,1,False,False,223.5
P147,18,0.974,Information Desk,49.61,1,False,False,226.28
P148,46,0.921,Restaurant 1,116.85,2,True,False,233.23
P149,21,0.645,Gate 1,10.67,1,True,False,45.13
P150,12,0.314,Shop 2,145.17,2,False,True,90.9
P151,69,0.293,Gate 1,36.94,1,False,True,59.22
P152,53,0.398,Shop 1,99.08,1,False,True,91.58
P153,41,1.386,Shop 1,89.77,1,True,False,121.05
P154,24,0.565,Shop 1,148.75,2,True,False,76.03
P155,48,1.252,Restaurant 2,117.08,1,True,False,230.8
P156,52,1.055,Gate 3,49.69,1,True,False,115.58
P157,46,0.937,Shop 1,131.36,2,False,False,89.31
P158,43,1.517,Gate 3,39.82,1,True,False,112.34
P159,41,1.142,Shop 2,51.25,1,True,False,104.33
P160,60,0.905,Restaurant 1,64.29,1,True,False,210.41
P161,30,0.932,Shop 2,63.73,1,True,False,147.5
P162,62,0.533,Information Desk,55.45,1,False,True,230.86
P163,45,0.632,Restaurant 1,119.1,2,True,False,189.77
P164,38,0.971,Gate 1,16.62,1,True,False,62.9
P165,38,0.793,Gate 1,27.13,2,True,False,52.07
P166,56,1.144,Gate 3,43.59,1,False,False,79.65
P167,31,0.451,Shop 2,56.9,1,False,True,129.29
P168,48,0.875,Gate 1,46.54,2,True,False,41.75
P169,22,1.087,Gate 3,51.33,1,True,False,93.73
P170,23,0.942,Gate 1,25.64,1,True,False,59.18
P171,18,0.319,Shop 2,79.41,1,True,False,180.64
P172,48,1.021,Shop 1,79.37,1,True,False,144.38
P173,39,0.796,Gate 1,23.2,1,True,False,53.89
P174,38,0.624,Gate 2,38.19,1,True,False,65.9
P175,21,0.794,Restaurant 1,104.47,1,True,False,251.0
P176,60,0.712,Restaurant 1,162.21,2,True,False,165.56
P177,51,1.072,Shop 1,113.3,1,False,False,106.21
P178,43,1.338,Restaurant 2,51.14,1,True,False,195.4
P179,17,0.946,Gate 2,33.01,1,True,False,59.87
P180,50,0.676,Gate 2,89.88,3,True,False,59.75
P181,21,0.887,Restaurant 2,154.73,1,True,False,350.61
P182,19,0.697,Duty Free,192.71,1,True,False,238.62
P183,40,1.099,Restaurant 2,90.95,1,False,False,311.54
P184,47,1.606,Gate 2,52.3,1,True,False,78.62
P185,27,1.035,Gate 3,46.74,1,True,False,87.37
P186,37,1.146,Gate 2,36.83,1,True,False,67.63
P187,30,1.072,Shop 1,54.5,1,True,False,121.04
P188,60,0.932,Restaurant 1,76.07,1,True,False,159.84
P189,48,1.448,Gate 3,36.86,1,True,False,71.9
P190,35,1.561,Gate 2,16.79,1,False,False,108.28
P191,20,1.243,Shop 1,96.99,1,True,False,105.82
P192,47,1.107,Gate 3,23.82,1,True,False,109.17
P193,30,0.646,Restaurant 1,23.93,3,True,False,218.31
P194,40,0.372,Shop 1,97.52,1,False,True,117.73
P195,33,1.092,Gate 1,39.92,2,True,False,38.82
P196,37,0.839,Duty Free,252.5,3,True,False,151.12
P197,30,1.64,Shop 2,60.85,1,True,False,135.95
P198,47,0.563,Gate 1,37.2,3,True,False,34.46
P199,58,0.916,Restaurant 2,121.4,1,True,False,289.02
P200,48,0.81,Restaurant 2,88.98,2,True,False,273.34
P201,41,0.736,Shop 1,68.66,1,True,False,95.76
P202,47,1.46,Gate 2,31.27,1,True,False,58.83
P203,58,0.724,Restaurant 1,144.87,2,True,False,192.53
P204,34,0.688,Restaurant 2,131.6,1,True,False,239.18
P205,35,1.144,Restaurant 2,31.03,1,True,False,231.15
P206,43,1.096,Gate 1,37.75,1,True,False,44.97
P207,37,1.1,Restaurant 1,100.32,2,True,False,129.42
P208,64,1.253,Duty Free,100.39,1,True,False,170.17
P209,37,0.53,Restaurant 2,79.71,1,False,True,231.32
P210,37,0.997,Shop 1,16.29,2,False,False,100.62
P211,58,0.481,Shop 2,113.22,2,True,False,146.68
P212,49,0.732,Shop 2,92.84,1,True,False,115.37
P213,35,0.799,Shop 2,92.65,1,False,False,179.26
P214,49,1.143,Shop 2,82.91,1,True,False,218.45
P215,62,1.326,Shop 1,147.25,1,True,False,105.91
P216,14,0.412,Gate 2,5.82,1,False,True,62.88
P217,36,0.578,Shop 1,167.49,1,False,True,110.67
P218,14,0.28,Restaurant 1,196.49,3,False,True,170.67
P219,26,0.935,Restaurant 2,101.29,1,False,False,151.5
P220,26,0.48,Restaurant 2,68.62,1,False,True,254.96
P221,39,1.289,Information Desk,25.24,1,False,False,265.49
P222,65,0.628,Gate 3,37.56,2,True,False,79.7
P223,27,1.282,Restaurant 2,34.51,1,True,False,305.19
P224,45,0.612,Restaurant 2,196.17,2,True,False,275.14
P225,10,0.117,Shop 2,106.2,3,False,True,156.54
P226,26,0.994,Restaurant 1,236.1,2,True,False,278.13
P227,27,1.269,Gate 1,29.82,1,True,False,60.27
P228,28,1.171,Restaurant 2,0.0,1,True,False,363.57
P229,42,0.796,Duty Free,80.29,1,True,False,205.22
P230,44,1.317,Restaurant 2,40.72,1,True,False,273.33
P231,61,0.254,Restaurant 2,176.29,1,True,False,230.62
P232,37,0.516,Shop 1,70.49,1,False,True,103.78
P233,38,0.4,Shop 2,57.72,1,False,False,159.57
P234,24,0.782,Restaurant 2,44.09,1,True,False,180.31
P235,40,1.248,Restaurant 1,72.55,1,False,False,243.12
P236,59,1.25,Information Desk,14.61,1,True,False,199.14
P237,38,1.099,Shop 2,131.05,1,False,False,186.14
P238,32,1.339,Shop 2,129.75,1,True,False,149.95
P239,54,0.442,Gate 3,27.29,1,False,True,91.23
P240,30,1.368,Restaurant 2,109.27,1,True,False,253.56
P241,38,1.406,Gate 1,17.43,1,True,False,47.73
P242,27,0.686,Restaurant 2,103.11,1,True,False,284.64
P243,29,0.977,Shop 2,82.83,1,True,False,103.72
P244,17,1.027,Shop 1,61.78,1,True,False,76.86
P245,22,0.949,Restaurant 1,113.89,1,True,False,170.88
P246,46,0.833,Shop 2,145.35,2,False,False,148.06
P247,41,1.465,Gate 2,27.6,1,False,False,88.08
P248,41,1.271,Shop 2,9.65,1,True,False,145.79
P249,40,1.349,Information Desk,57.12,1,True,False,243.31
P250,15,0.688,Shop 2,122.63,2,True,False,173.8
P251,40,1.283,Restaurant 2,79.29,1,True,False,312.64
P252,43,0.374,Shop 1,159.04,3,True,False,67.49
P253,53,0.63,Shop 2,193.54,3,False,False,145.49
P254,36,0.316,Restaurant 1,150.7,2,False,True,208.48
P255,40,0.967,Restaurant 2,107.07,2,False,False,238.97
P256,34,0.423,Gate 2,84.17,3,False,False,79.18
P257,58,1.331,Shop 2,72.25,1,False,False,126.56
P258,59,1.087,Shop 2,70.75,1,False,False,154.28
P259,44,0.94,Restaurant 2,188.71,2,True,False,237.69
P260,17,0.565,Restaurant 1,210.95,2,True,False,195.93
P261,34,0.65,Restaurant 2,181.89,2,True,False,233.37
P262,48,0.818,Shop 2,66.08,1,True,False,146.5
P263,54,0.607,Gate 1,45.66,1,True,False,58.64
P264,33,0.457,Gate 2,11.32,2,False,True,79.72
P265,46,1.016,Gate 1,14.82,1,True,False,53.63
P266,41,1.759,Gate 1,17.43,1,True,False,38.77
P267,46,1.133,Duty Free,126.04,1,True,False,154.1
P268,38,0.517,Shop 1,97.8,1,False,True,68.09
P269,32,0.81,Restaurant 2,120.79,1,True,False,236.18
P270,22,0.532,Shop 2,109.97,2,False,False,176.21
P271,38,0.625,Gate 1,33.75,1,False,True,39.9
P272,34,1.026,Gate 1,5.22,1,False,False,42.95
P273,35,0.783,Restaurant 2,129.32,2,True,False,292.98
P274,55,0.546,Gate 2,92.18,3,True,False,95.27
P275,29,0.936,Restaurant 2,136.01,2,False,False,237.87
P276,65,1.101,Restaurant 1,106.43,1,True,False,200.09
P277,60,0.847,Restaurant 1,131.72,2,True,False,196.21
P278,43,0.715,Restaurant 1,81.92,1,False,False,126.55
P279,46,1.79,Restaurant 1,64.29,1,True,False,186.28
P280,37,1.196,Restaurant 1,65.62,1,False,False,137.37
P281,36,1.245,Shop 2,18.82,1,True,False,142.31
P282,22,0.481,Restaurant 1,208.78,3,True,False,220.8
P283,27,0.829,Gate 2,46.84,2,True,False,75.38
P284,55,1.094,Shop 2,15.08,1,True,False,147.25
P285,54,0.786,Restaurant 1,38.3,1,False,True,156.81
P286,57,0.427,Gate 1,16.14,1,False,True,56.83
P287,52,1.004,Shop 2,59.27,1,True,False,137.29
P288,62,0.536,Shop 2,158.63,2,True,False,116.18
P289,33,0.382,Information Desk,52.84,2,True,False,240.13
P290,42,1.295,Shop 1,98.41,1,False,False,119.11
P291,49,0.436,Restaurant 2,96.38,2,True,False,220.17
P292,46,0.676,Shop 1,94.25,2,True,False,84.57
P293,48,1.238,Gate 1,38.58,1,True,False,36.42
P294,45,0.691,Restaurant 1,192.24,3,True,False,184.6
P295,28,0.625,Restaurant 1,133.05,3,True,False,156.56
P296,38,0.669,Gate 1,32.44,1,False,True,47.27
P297,10,0.299,Shop 1,45.51,1,False,True,84.77
P298,16,0.651,Restaurant 2,117.68,1,False,False,197.13
P299,44,1.302,Gate 1,17.49,1,False,False,36.32
P300,39,0.599,Shop 1,33.62,3,True,False,68.1
P301,25,0.783,Duty Free,87.83,1,True,False,184.53
P302,37,1.023,Shop 1,104.42,2,True,False,81.74
P303,47,0.635,Information Desk,9.7,1,True,False,165.34
P304,45,0.67,Shop 2,35.04,1,False,True,156.99
P305,64,0.548,Duty Free,95.01,1,False,True,162.11
P306,28,1.525,Restaurant 2,73.09,1,True,False,233.07
P307,33,0.799,Shop 2,28.46,1,False,True,154.29
P308,22,0.499,Shop 1,77.54,1,False,True,136.63
P309,57,0.92,Gate 1,43.3,1,True,False,44.27
P310,45,1.073,Shop 2,140.27,1,False,False,106.06
P311,15,0.43,Duty Free,276.05,3,False,False,152.69
P312,50,0.961,Restaurant 1,214.95,2,True,False,238.3
P313,36,1.067,Restaurant 1,97.98,1,False,False,245.21
P314,47,1.253,Shop 2,84.79,1,True,False,188.56
P315,46,0.555,Shop 1,146.67,1,True,False,107.14
P316,43,1.22,Restaurant 1,64.75,1,True,False,161.52
P317,47,0.707,Restaurant 1,115.89,3,False,False,215.29
P318,17,0.587,Restaurant 2,153.94,2,True,False,263.06
P319,49,0.681,Gate 2,38.18,1,True,False,69.91
P320,10,0.473,Shop 2,82.56,1,False,True,146.56
P321,19,0.864,Gate 1,35.27,1,True,False,46.64
P322,59,0.88,Shop 1,94.44,1,False,False,82.51
P323,48,1.061,Shop 1,126.47,1,True,False,112.39
P324,31,0.806,Restaurant 2,58.29,1,True,False,218.17
P325,38,1.431,Shop 1,24.99,1,True,False,66.31
P326,29,1.122,Gate 1,23.06,1,True,False,53.91
P327,43,1.038,Shop 2,77.07,1,True,False,119.61
P328,24,0.638,Shop 1,67.37,2,True,False,92.53
P329,60,0.666,Duty Free,111.49,2,False,False,199.58
P330,56,0.657,Gate 2,52.66,1,True,False,80.84
P331,41,1.502,Shop 2,70.85,1,True,False,180.71
P332,39,0.972,Duty Free,0.0,1,True,False,211.01
P333,24,1.476,Restaurant 2,128.84,1,False,False,352.15
P334,42,1.125,Shop 1,34.88,1,True,False,147.84
P335,50,1.092,Restaurant 1,111.98,1,True,False,186.93
P336,42,1.325,Shop 2,61.3,1,True,False,75.85
P337,50,0.492,Restaurant 2,160.52,3,True,False,237.14
P338,52,0.629,Restaurant 1,33.92,3,True,False,123.75
P339,37,0.733,Shop 2,33.11,2,False,False,92.94
P340,49,0.867,Gate 3,54.84,2,True,False,104.43
P341,41,0.906,Restaurant 1,127.72,2,True,False,188.92
P342,28,0.966,Restaurant 2,134.45,3,False,False,251.62
P343,39,0.677,Restaurant 1,99.36,3,False,False,261.97
P344,42,0.963,Shop 1,81.24,2,False,False,101.96
P345,55,1.051,Duty Free,76.48,1,True,False,178.82
P346,37,0.564,Restaurant 2,118.36,1,True,False,200.4
P347,38,0.94,Shop 1,1.38,1,False,False,100.31
P348,48,0.632,Restaurant 1,136.96,1,True,False,224.8
P349,24,0.863,Duty Free,131.54,1,True,False,180.92
P350,80,0.166,Shop 1,219.92,2,False,True,78.53
P351,42,1.058,Gate 1,33.82,1,False,False,55.1
P352,32,0.922,Shop 1,95.98,1,False,False,70.34
P353,56,0.644,Shop 1,48.96,1,False,True,89.04
P354,49,1.522,Shop 2,83.79,1,True,False,180.81
P355,34,0.772,Restaurant 2,79.07,2,True,False,239.57
P356,54,1.09,Restaurant 1,50.45,1,True,False,207.54
P357,42,0.671,Information Desk,46.21,2,False,False,267.73
P358,53,0.561,Shop 2,15.2,3,True,False,139.58
P359,57,0.696,Gate 2,51.9,2,False,False,50.52
P360,29,1.183,Restaurant 1,122.27,1,True,False,187.85
P361,46,0.435,Gate 2,7.09,3,True,False,87.63
P362,56,0.622,Restaurant 2,135.5,1,True,False,190.61
P363,19,1.167,Shop 2,75.78,1,True,False,128.72
P364,37,0.811,Shop 1,160.99,2,True,False,51.88
P365,29,1.329,Duty Free,173.14,1,True,False,231.14
P366,37,1.605,Restaurant 1,100.92,1,False,False,170.08
P367,46,0.456,Restaurant 1,116.96,1,True,False,199.21
P368,19,1.115,Shop 2,95.42,1,True,False,138.64
P369,51,0.981,Shop 2,40.04,2,False,False,118.46
P370,46,0.762,Shop 2,93.15,2,True,False,127.62
P371,44,1.064,Gate 2,40.64,2,True,False,56.51
P372,65,0.893,Restaurant 1,139.19,1,True,False,216.26
P373,43,1.064,Duty Free,87.57,1,True,False,179.92
P374,69,0.659,Restaurant 1,99.4,1,False,True,149.02
P375,17,0.44,Duty Free,117.9,1,False,True,183.4
P376,36,0.768,Restaurant 1,173.53,2,True,False,144.62
P377,37,1.266,Shop 2,54.36,1,True,False,209.82
P378,42,1.164,Restaurant 1,150.23,2,True,False,223.27
P379,61,0.356,Gate 3,59.6,2,False,True,117.46
P380,29,0.716,Restaurant 1,95.11,1,True,False,228.66
P381,23,0.481,Duty Free,154.33,2,True,False,217.65
P382,22,0.9,Gate 1,4.89,1,True,False,56.13
P383,45,1.298,Duty Free,24.99,1,False,False,193.51
P384,15,1.13,Shop 1,86.61,1,True,False,92.6
P385,43,1.159,Shop 1,47.08,1,False,False,93.32
P386,10,0.343,Shop 1,174.5,1,False,True,95.81
P387,16,0.223,Shop 2,82.78,2,False,True,170.93
P388,46,0.65,Gate 1,35.0,3,True,False,33.01
P389,47,0.436,Shop 2,136.3,3,True,False,161.37
P390,56,0.844,Shop 1,77.27,1,True,False,128.84
P391,31,0.636,Gate 2,18.24,1,False,True,85.09
P392,18,0.613,Gate 2,10.27,1,True,False,78.65
P393,28,0.888,Restaurant 2,97.07,1,False,False,221.66
P394,19,0.547,Shop 2,74.11,2,True,False,125.48
P395,50,1.039,Restaurant 1,133.15,1,True,False,240.27
P396,37,1.352,Gate 1,14.43,1,True,False,54.06
P397,42,0.963,Shop 2,135.13,3,True,False,170.17
P398,60,0.993,Shop 2,78.79,1,False,False,150.03
P399,50,0.926,Restaurant 1,196.96,2,False,False,282.15
P400,40,0.637,Shop 1,174.93,2,False,False,136.18
P401,41,1.444,Gate 1,26.98,1,True,False,46.06
P402,24,0.993,Shop 2,88.87,1,True,False,121.74
P403,22,1.248,Restaurant 2,37.51,1,False,False,262.47
P404,39,1.471,Shop 2,97.65,1,True,False,165.07
P405,34,1.149,Restaurant 1,127.06,1,True,False,165.56
P406,63,0.325,Shop 1,127.99,3,False,True,109.61
P407,48,0.673,Restaurant 1,259.43,3,True,False,252.09
P408,38,1.66,Shop 1,154.27,1,False,False,93.34
P409,43,0.526,Restaurant 2,203.45,3,True,False,275.5
P410,47,0.714,Shop 2,92.55,1,True,False,124.61
P411,44,1.534,Shop 2,127.34,1,True,False,114.85
P412,68,0.316,Shop 1,183.09,2,False,True,82.33
P413,21,1.019,Restaurant 1,143.75,1,True,False,123.11
P414,39,0.733,Gate 2,36.39,2,False,False,74.4
P415,31,0.477,Gate 2,40.03,1,False,True,98.7
P416,15,0.579,Restaurant 1,122.99,1,True,False,254.8
P417,33,0.947,Restaurant 1,109.06,1,True,False,202.1
P418,47,1.511,Shop 1,105.07,1,True,False,128.13
P419,42,1.444,Restaurant 2,75.61,1,True,False,231.88
P420,24,0.793,Shop 1,131.7,3,True,False,108.42
P421,61,0.344,Shop 2,154.76,2,True,False,122.13
P422,52,1.382,Restaurant 1,94.91,1,True,False,224.31
P423,18,1.098,Shop 2,65.19,1,True,False,191.76
P424,33,1.86,Shop 1,46.93,1,True,False,136.15
P425,39,1.115,Restaurant 2,6.42,1,True,False,294.92
P426,34,0.983,Restaurant 2,80.51,1,True,False,267.88
P427,20,1.171,Gate 2,15.35,1,False,False,61.46
P428,20,1.065,Duty Free,115.28,1,True,False,166.87
P429,30,0.608,Shop 2,161.82,2,True,False,164.74
P430,36,0.754,Shop 2,91.98,1,True,False,154.06
P431,33,0.532,Shop 2,126.45,3,False,False,141.81
P432,49,0.592,Shop 2,88.31,1,True,False,124.51
P433,49,0.601,Gate 3,58.31,1,False,True,149.97
P434,41,0.574,Restaurant 2,195.93,2,True,False,162.77
P435,59,0.521,Gate 1,12.93,1,False,False,62.92
P436,34,1.065,Restaurant 1,92.56,1,True,False,200.44
P437,29,0.895,Shop 1,98.63,2,True,False,116.41
P438,39,1.609,Shop 2,56.76,1,True,False,128.54
P439,39,1.498,Gate 2,35.91,1,False,False,85.93
P440,42,1.085,Shop 2,107.27,1,True,False,130.44
P441,26,1.159,Restaurant 1,58.33,1,True,False,262.03
P442,39,0.686,Restaurant 2,173.59,3,True,False,295.9
P443,56,1.067,Shop 1,47.5,1,True,False,147.31
P444,34,0.683,Shop 2,52.6,1,True,False,141.72
P445,25,1.139,Restaurant 2,87.57,1,True,False,267.33
P446,52,0.81,Restaurant 1,249.62,3,True,False,207.38
P447,54,0.745,Shop 2,45.46,1,True,False,164.3
P448,47,1.07,Duty Free,157.75,1,True,False,177.58
P449,36,0.456,Restaurant 1,74.18,1,False,True,242.8
P450,38,0.614,Gate 1,61.8,2,True,False,25.07
P451,32,0.828,Gate 2,20.45,1,True,False,49.34
P452,43,1.765,Shop 1,82.14,1,True,False,90.09
P453,39,0.306,Restaurant 2,74.56,3,True,False,356.78
P454,50,0.554,Duty Free,198.34,2,False,False,209.29
P455,15,0.499,Restaurant 1,142.66,2,True,False,262.9
P456,30,1.618,Restaurant 2,152.55,1,True,False,178.8
P457,31,0.847,Shop 1,61.2,2,True,False,85.59
P458,14,0.356,Shop 2,162.52,1,False,True,140.99
P459,51,0.599,Shop 2,177.39,2,True,False,150.96
P460,41,0.788,Restaurant 1,54.99,1,False,False,167.76
P461,27,1.308,Information Desk,109.01,1,False,False,216.13
P462,43,1.057,Shop 1,86.14,1,True,False,83.22
P463,32,1.175,Restaurant 1,68.64,1,True,False,246.54
P464,32,1.503,Restaurant 1,74.91,1,False,False,157.01
P465,36,0.768,Shop 2,99.27,1,True,False,189.0
P466,27,0.893,Restaurant 1,93.07,1,True,False,203.89
P467,32,0.741,Shop 1,123.43,1,True,False,99.39
P468,45,1.308,Shop 1,109.06,1,True,False,83.3
P469,23,1.396,Gate 2,54.1,1,True,False,85.72
P470,53,0.519,Gate 2,59.48,3,True,False,94.36
P471,35,0.489,Shop 1,54.1,1,True,False,106.36
P472,37,1.022,Duty Free,168.91,2,True,False,141.85
P473,33,1.009,Shop 1,73.64,1,True,False,113.47
P474,11,0.187,Restaurant 2,177.18,2,False,True,314.54
P475,31,1.82,Restaurant 1,90.29,1,True,False,234.61
P476,29,0.807,Shop 1,88.69,1,True,False,95.52
P477,11,0.279,Shop 2,40.2,2,False,True,144.87
P478,38,0.984,Restaurant 1,65.5,1,True,False,252.39
P479,46,1.322,Restaurant 1,116.81,1,True,False,132.77
P480,30,1.592,Gate 1,26.25,1,True,False,49.43
P481,34,1.334,Shop 2,43.24,1,True,False,191.24
P482,77,0.527,Shop 2,116.08,1,False,True,222.79
P483,42,1.002,Restaurant 2,132.36,1,True,False,368.37
P484,15,0.955,Restaurant 1,137.14,1,True,False,155.17
P485,46,0.774,Shop 1,113.11,2,True,False,97.69
P486,25,1.119,Gate 1,44.38,1,True,False,56.49
P487,35,0.839,Duty Free,102.18,1,True,False,223.09
P488,65,0.118,Shop 1,69.69,1,False,True,93.4
P489,30,1.614,Shop 2,73.59,1,True,False,180.86
P490,24,0.97,Shop 2,52.08,1,True,False,212.59
P491,33,0.736,Restaurant 2,98.59,2,True,False,253.3
P492,40,1.156,Shop 2,45.22,2,True,False,127.69
P493,44,1.314,Shop 1,39.82,1,True,False,95.38
P494,34,1.188,Gate 2,56.83,1,True,False,82.97
P495,20,1.121,Restaurant 2,30.14,1,True,False,320.36
P496,55,0.462,Restaurant 1,134.27,3,True,False,202.77
P497,43,1.399,Shop 1,78.28,1,True,False,68.86
P498,13,0.186,Gate 2,38.27,3,False,True,68.13
P499,26,0.772,Shop 1,97.81,1,False,False,115.19
P500,33,1.313,Restaurant 2,97.54,1,True,False,318.28
P501,31,1.244,Restaurant 2,84.12,1,True,False,243.82
P502,65,1.108,Shop 2,129.33,1,False,False,123.88
P503,66,0.279,Restaurant 1,19.3,1,False,True,136.57
P504,58,1.458,Shop 1,90.15,1,True,False,112.33
P505,45,0.933,Restaurant 2,53.91,1,True,False,232.03
P506,34,1.055,Restaurant 1,88.14,1,True,False,176.42
P507,57,0.66,Shop 2,50.04,2,False,False,176.71
P508,61,0.945,Restaurant 2,80.63,1,True,False,217.97
P509,27,1.213,Gate 2,35.14,1,False,False,67.59
P510,56,1.16,Shop 2,78.65,1,False,False,171.36
P511,10,0.413,Shop 1,116.33,1,False,True,101.79
P512,56,0.491,Shop 2,54.82,1,True,False,156.59
P513,45,0.957,Restaurant 1,104.18,1,True,False,199.76
P514,32,1.384,Shop 1,102.12,1,True,False,110.86
P515,28,0.788,Shop 2,58.08,1,True,False,122.83
P516,37,1.167,Restaurant 1,35.67,1,False,False,252.97
P517,41,1.39,Restaurant 1,114.22,1,True,False,205.18
P518,40,1.191,Shop 2,28.04,1,True,False,173.91
P519,78,0.248,Restaurant 2,97.42,2,False,True,235.48
P520,34,1.34,Restaurant 2,86.07,1,True,False,208.82
P521,19,0.277,Shop 2,188.76,3,True,False,98.32
P522,42,0.62,Shop 1,92.29,2,True,False,92.03
P523,37,0.399,Shop 1,71.1,2,False,True,114.89
P524,36,0.331,Shop 1,94.99,1,True,False,93.6
P525,24,1.68,Shop 2,64.72,1,True,False,175.81
P526,44,0.66,Information Desk,37.14,1,False,True,153.79
P527,42,1.01,Shop 1,37.84,1,True,False,121.2
P528,45,1.035,Shop 1,71.18,1,True,False,76.52
P529,29,0.853,Restaurant 2,174.54,3,True,False,288.01
P530,37,0.58,Restaurant 2,118.66,3,True,False,257.45
P531,56,1.505,Duty Free,149.47,1,True,False,181.8
P532,41,0.642,Gate 1,47.22,2,False,False,39.37
P533,41,0.549,Gate 1,47.61,3,True,False,51.33
P534,44,1.013,Restaurant 1,90.35,1,True,False,243.82
P535,37,1.255,Gate 2,28.33,1,True,False,62.98
P536,71,0.371,Restaurant 1,178.25,1,False,True,161.97
P537,61,0.886,Restaurant 1,118.1,1,True,False,147.41
P538,54,0.831,Restaurant 1,83.53,1,True,False,164.18
P539,41,1.444,Restaurant 2,67.69,1,True,False,340.52
P540,45,0.812,Gate 2,41.44,2,True,False,57.86
P541,57,1.574,Gate 2,29.89,1,True,False,42.49
P542,25,0.912,Duty Free,108.94,1,True,False,174.53
P543,53,0.528,Duty Free,79.7,3,True,False,186.9
P544,56,0.812,Shop 1,136.85,2,True,False,99.5
P545,51,1.378,Restaurant 2,73.29,1,True,False,237.19
P546,64,0.681,Restaurant 1,141.54,1,True,False,199.72
P547,38,0.795,Gate 3,35.24,1,True,False,133.72
P548,34,0.739,Shop 2,161.87,3,False,False,201.91
P549,62,1.145,Restaurant 2,95.2,1,True,False,226.3
P550,40,1.155,Gate 1,24.59,1,True,False,65.37
P551,80,0.191,Duty Free,268.56,3,False,True,213.65
P552,32,0.595,Restaurant 1,54.91,1,False,True,170.07
P553,41,1.233,Shop 1,44.73,1,True,False,74.75
P554,70,0.468,Restaurant 2,165.06,1,False,True,265.31
P555,41,0.943,Shop 1,60.81,1,True,False,88.17
P556,61,1.192,Restaurant 1,118.82,1,True,False,190.26
P557,50,0.565,Gate 3,75.11,3,True,False,73.4
P558,21,0.65,Gate 1,24.56,1,True,False,41.1
P559,45,0.969,Gate 1,40.55,2,True,False,25.59
P560,54,0.816,Restaurant 2,123.88,1,True,False,220.54
P561,39,0.578,Shop 1,129.06,3,True,False,119.37
P562,71,0.393,Shop 1,26.7,1,False,True,73.5
P563,33,0.894,Shop 1,125.17,1,False,False,133.21
P564,21,0.203,Restaurant 2,213.18,3,False,True,210.67
P565,55,1.186,Shop 2,54.35,1,True,False,111.12
P566,30,1.387,Shop 2,131.37,1,True,False,71.98
P567,46,1.054,Shop 2,8.43,1,True,False,147.0
P568,68,0.385,Shop 2,90.91,1,False,True,181.45
P569,26,0.683,Gate 2,38.58,2,True,False,93.36
P570,47,1.225,Shop 1,56.69,1,True,False,127.66
P571,41,1.513,Shop 2,63.42,1,True,False,151.39
P572,53,0.343,Restaurant 1,174.97,3,False,True,142.61
P573,28,0.774,Information Desk,6.43,1,False,True,242.27
P574,29,1.108,Restaurant 1,19.95,1,True,False,205.56
P575,49,0.632,Restaurant 1,126.52,1,False,False,188.54
P576,28,0.535,Restaurant 2,62.11,2,True,False,232.18
P577,47,0.669,Gate 3,33.01,1,False,True,116.88
P578,36,1.816,Shop 2,29.76,1,True,False,166.89
P579,54,1.086,Shop 2,87.31,1,True,False,161.55
P580,59,1.101,Shop 2,73.65,1,True,False,176.15
P581,10,0.461,Shop 1,153.92,1,False,True,77.12
P582,47,0.892,Gate 1,25.72,2,True,False,46.72
P583,41,1.627,Duty Free,41.11,1,True,False,186.21
P584,52,0.883,Restaurant 2,135.09,1,True,False,152.27
P585,42,1.066,Restaurant 2,132.8,1,True,False,246.78
P586,32,0.386,Gate 1,29.43,1,False,True,48.29
P587,49,1.188,Gate 2,30.73,1,False,False,51.11
P588,58,1.073,Gate 2,37.64,1,True,False,73.93
P589,44,0.44,Gate 1,29.2,1,False,True,59.49
P590,50,1.198,Duty Free,77.37,1,True,False,177.89
P591,33,0.997,Restaurant 1,30.66,1,True,False,173.47
P592,26,1.178,Restaurant 1,71.77,1,True,False,203.27
P593,20,0.488,Gate 1,77.14,2,True,False,47.37
P594,44,0.899,Shop 2,45.42,1,True,False,120.7
P595,28,0.559,Shop 2,108.18,2,False,False,200.5
P596,46,1.087,Restaurant 1,102.62,1,True,False,198.05
P597,28,1.124,Shop 1,76.32,1,True,False,110.29
P598,59,1.047,Duty Free,116.56,1,True,False,204.52
P599,51,1.027,Restaurant 1,25.92,1,False,False,266.67
P600,38,1.116,Restaurant 2,113.59,1,True,False,288.27
P601,20,0.711,Restaurant 1,137.95,1,True,False,160.92
P602,59,1.16,Gate 1,29.66,1,True,False,38.2
P603,29,0.602,Restaurant 1,68.3,1,True,False,197.57
P604,34,1.549,Shop 2,88.88,1,True,False,146.94
P605,45,1.532,Restaurant 2,70.42,1,True,False,196.72
P606,30,1.109,Information Desk,35.2,1,True,False,170.82
P607,61,0.951,Shop 1,123.82,1,True,False,86.01
P608,52,1.207,Restaurant 1,133.07,1,True,False,143.11
P609,56,0.757,Gate 2,41.51,2,True,False,65.83
P610,27,1.409,Shop 1,125.13,1,True,False,97.69
P611,35,1.06,Shop 2,75.92,2,True,False,158.18
P612,52,1.219,Information Desk,51.01,1,True,False,147.67
P613,61,1.007,Restaurant 1,139.32,1,True,False,180.96
P614,51,0.761,Gate 2,22.38,3,True,False,61.5
P615,31,0.863,Shop 2,36.48,1,True,False,148.42
P616,25,0.807,Restaurant 2,51.67,1,False,False,209.67
P617,39,1.632,Restaurant 1,129.75,1,True,False,169.34
P618,24,1.058,Information Desk,0.0,1,True,False,248.08
P619,69,0.547,Restaurant 2,109.15,1,False,True,182.82
P620,22,0.952,Gate 1,11.37,1,False,False,60.32
P621,22,1.039,Information Desk,58.66,1,True,False,262.98
P622,48,1.113,Duty Free,101.01,1,True,False,221.9
P623,31,0.568,Gate 3,74.25,3,False,False,109.65
P624,40,1.023,Restaurant 1,96.26,1,True,False,139.97
P625,47,1.403,Shop 1,106.2,1,True,False,64.4
P626,10,0.502,Duty Free,74.38,1,False,True,179.14
P627,28,1.514,Shop 1,96.91,1,True,False,102.43
P628,53,0.686,Information Desk,47.64,2,True,False,186.8
P629,24,0.645,Duty Free,212.62,2,True,False,155.99
P630,56,1.143,Gate 2,17.41,1,False,False,80.72
P631,34,1.205,Restaurant 2,138.76,1,True,False,270.62
P632,16,0.575,Shop 2,131.88,2,True,False,105.24
P633,57,0.633,Restaurant 1,187.29,2,True,False,252.91
P634,23,0.712,Gate 3,132.54,3,True,False,91.91
P635,31,0.618,Shop 1,162.71,2,True,False,92.05
P636,39,0.957,Gate 2,38.97,2,True,False,65.59
P637,74,0.386,Shop 2,41.66,1,False,True,186.64
P638,37,1.591,Shop 2,29.21,1,True,False,135.32
P639,29,0.808,Gate 1,27.33,1,True,False,46.88
P640,41,0.52,Gate 1,6.33,1,False,True,54.34
P641,33,0.99,Shop 2,0.0,1,True,False,138.56
P642,35,0.55,Shop 2,28.02,1,False,True,194.9
P643,35,0.873,Shop 1,143.77,3,True,False,114.16
P644,61,1.096,Shop 2,125.36,1,True,False,146.59
P645,35,0.738,Restaurant 1,135.92,3,True,False,168.98
P646,27,1.451,Restaurant 2,126.29,1,True,False,237.7
P647,56,1.034,Shop 1,87.83,1,True,False,77.14
P648,38,1.299,Restaurant 1,69.48,1,False,False,215.51
P649,48,0.686,Shop 2,104.97,2,True,False,106.19
P650,44,1.421,Gate 2,31.99,1,True,False,77.97
P651,40,0.867,Shop 2,73.4,1,True,False,140.94
P652,51,1.037,Shop 2,38.01,1,True,False,174.68
P653,37,1.125,Restaurant 2,89.17,1,False,False,146.39
P654,40,0.783,Shop 2,83.17,3,True,False,158.86
P655,29,0.922,Shop 1,41.58,1,True,False,119.66
P656,33,1.271,Shop 2,126.69,1,True,False,130.82
P657,45,1.049,Restaurant 2,130.73,1,True,False,266.08
P658,39,0.573,Gate 2,26.23,1,False,True,57.01
P659,43,1.152,Shop 2,97.45,1,False,False,168.82
P660,54,1.219,Gate 1,38.75,1,False,False,54.33
P661,24,0.507,Shop 1,186.02,3,True,False,104.54
P662,49,0.24,Gate 3,12.07,3,True,False,58.8
P663,37,0.98,Gate 3,21.75,1,True,False,104.63
P664,50,1.38,Restaurant 1,121.61,1,True,False,212.31
P665,24,1.013,Gate 1,26.4,1,True,False,41.54
P666,49,0.867,Restaurant 1,130.25,1,True,False,181.71
P667,27,0.759,Restaurant 1,230.19,2,True,False,141.18
P668,51,1.013,Duty Free,173.74,1,True,False,175.7
P669,35,0.851,Shop 1,56.8,1,True,False,93.74
P670,23,0.82,Shop 2,92.64,1,True,False,172.39
P671,54,0.988,Shop 2,85.14,1,True,False,123.32
P672,51,1.06,Restaurant 1,106.96,1,True,False,187.54
P673,27,0.699,Restaurant 1,25.81,2,True,False,191.13
P674,50,0.627,Shop 1,87.98,1,False,True,67.85
P675,49,0.924,Shop 1,54.77,1,True,False,86.0
P676,18,1.054,Shop 2,117.75,1,True,False,151.03
P677,30,0.52,Restaurant 1,148.95,3,True,False,204.67
P678,69,0.452,Restaurant 2,99.04,1,False,True,261.95
P679,49,1.445,Information Desk,48.95,1,True,False,261.22
P680,41,0.801,Shop 1,125.32,3,True,False,119.38
P681,27,0.905,Gate 2,22.79,1,True,False,94.12
P682,27,1.467,Shop 2,58.18,1,True,False,184.85
P683,40,0.7,Shop 2,152.88,3,False,False,165.84
P684,36,0.539,Gate 3,77.45,3,True,False,92.19
P685,55,0.765,Information Desk,20.39,1,True,False,189.95
P686,46,1.084,Gate 2,40.88,1,True,False,78.58
P687,31,1.161,Shop 1,101.34,1,True,False,101.85
P688,36,0.915,Restaurant 2,137.23,1,False,False,211.26
P689,24,1.205,Information Desk,42.4,1,True,False,275.94
P690,32,0.586,Restaurant 1,46.18,1,False,True,302.91
P691,25,0.818,Restaurant 2,124.14,1,False,False,210.18
P692,37,0.726,Restaurant 2,251.87,3,True,False,235.27
P693,56,0.85,Gate 1,26.68,1,True,False,49.35
P694,57,0.636,Shop 2,177.33,3,False,False,237.51
P695,39,1.557,Gate 2,27.19,1,False,False,67.82
P696,47,0.574,Information Desk,30.71,1,True,False,214.98
P697,29,0.81,Shop 1,66.21,1,True,False,83.09
P698,25,1.069,Restaurant 1,36.38,1,False,False,221.42
P699,23,0.296,Shop 2,138.41,3,True,False,151.12
P700,47,1.113,Shop 2,51.39,1,True,False,180.15
P701,43,1.14,Restaurant 1,80.63,1,True,False,242.31
P702,12,0.358,Shop 2,36.26,1,False,True,152.07
P703,20,0.98,Shop 1,100.43,1,True,False,70.76
P704,32,0.77,Restaurant 2,135.76,1,True,False,193.09
P705,27,0.851,Shop 1,113.76,1,True,False,74.65
P706,42,1.101,Shop 2,89.79,1,True,False,165.07
P707,33,0.698,Gate 3,65.6,2,True,False,124.41
P708,44,0.836,Restaurant 1,115.38,1,True,False,271.72
P709,36,1.178,Gate 1,33.83,1,True,False,42.35
P710,54,1.079,Gate 1,41.28,1,True,False,52.23
P711,32,0.511,Duty Free,25.92,1,False,True,194.63
P712,36,1.161,Restaurant 2,53.45,1,False,False,222.09
P713,57,1.003,Restaurant 1,102.29,1,False,False,139.26
P714,35,0.608,Shop 1,0.0,2,False,False,92.41
P715,34,0.594,Restaurant 1,84.33,1,True,False,205.74
P716,24,1.4,Shop 1,119.46,1,True,False,144.59
P717,72,0.401,Restaurant 2,115.92,1,False,True,265.27
P718,20,0.973,Shop 2,91.77,1,True,False,197.41
P719,38,1.007,Gate 2,30.45,1,True,False,79.35
P720,46,0.684,Shop 2,79.15,1,True,False,136.21
P721,34,0.934,Shop 1,57.72,1,True,False,126.62
P722,32,0.865,Shop 2,89.65,1,False,False,125.12
P723,25,1.065,Restaurant 2,62.76,1,True,False,242.52
P724,44,0.716,Gate 2,48.41,2,True,False,54.92
P725,23,0.827,Gate 2,29.84,1,True,False,69.96
P726,44,0.922,Restaurant 1,87.77,1,False,False,213.46
P727,10,0.393,Gate 1,17.13,1,False,True,62.65
P728,45,1.336,Shop 1,67.81,1,True,False,85.22
P729,55,1.109,Restaurant 1,102.97,1,True,False,241.04
P730,71,0.497,Shop 2,140.67,1,False,True,157.15
P731,34,0.922,Gate 2,59.45,2,True,False,89.16
P732,20,1.227,Shop 1,117.19,1,True,False,95.88
P733,32,1.257,Duty Free,37.85,1,True,False,140.04
P734,18,0.974,Gate 3,30.02,1,False,False,80.3
P735,54,1.245,Restaurant 1,68.02,1,True,False,176.48
P736,44,0.951,Shop 2,23.83,1,True,False,96.33
P737,45,1.203,Shop 2,67.08,1,True,False,114.69
P738,40,1.311,Gate 3,21.12,1,True,False,103.72
P739,34,1.252,Gate 2,30.85,1,True,False,75.49
P740,47,0.703,Gate 3,95.03,3,False,False,119.52
P741,13,0.473,Shop 2,56.43,1,False,True,151.8
P742,17,1.448,Shop 2,85.98,1,True,False,137.91
P743,28,0.165,Gate 3,32.15,1,True,False,118.67
P744,38,1.074,Shop 1,102.5,1,True,False,102.75
P745,18,0.675,Restaurant 2,163.54,3,True,False,318.28
P746,47,1.86,Gate 3,59.95,1,True,False,66.77
P747,25,0.657,Information Desk,70.97,2,False,False,265.51
P748,33,0.253,Gate 2,70.71,3,False,True,93.56
P749,35,1.543,Shop 1,110.91,1,True,False,112.41
P750,68,0.663,Gate 3,38.77,1,False,True,100.23
P751,35,1.203,Shop 2,69.27,1,True,False,199.28
P752,13,0.411,Shop 1,52.21,1,False,True,75.4
P753,32,1.18,Shop 2,69.62,1,True,False,128.43
P754,45,0.885,Duty Free,173.35,2,True,False,188.01
P755,18,1.223,Shop 1,108.02,1,True,False,80.51
P756,60,1.142,Restaurant 2,133.87,1,False,False,267.15
P757,27,0.532,Shop 1,206.95,3,True,False,101.95
P758,39,0.97,Gate 3,46.41,1,False,False,90.03
P759,49,0.958,Gate 3,36.61,1,True,False,100.71
P760,30,0.665,Shop 2,102.19,2,True,False,155.54
P761,35,0.892,Duty Free,157.84,3,True,False,197.92
P762,35,1.29,Restaurant 1,75.9,1,True,False,181.62
P763,54,0.915,Restaurant 1,122.27,1,True,False,113.09
P764,80,0.465,Shop 1,109.52,1,False,True,97.18
P765,20,0.587,Shop 1,130.0,3,True,False,75.48
P766,43,0.93,Duty Free,166.35,1,True,False,187.34
P767,57,0.478,Shop 2,82.15,1,True,False,189.16
P768,27,0.877,Shop 2,136.42,2,True,False,175.46
P769,30,0.563,Gate 2,59.45,2,True,False,71.5
P770,46,0.984,Shop 1,124.88,1,True,False,110.17
P771,33,0.642,Gate 2,38.12,2,True,False,82.83
P772,48,0.324,Restaurant 2,111.14,3,False,True,404.37
P773,44,1.29,Gate 3,23.04,1,True,False,85.02
P774,52,1.45,Restaurant 1,82.61,1,True,False,161.15
P775,62,1.055,Gate 3,54.96,1,True,False,99.37
P776,39,1.148,Information Desk,82.1,2,True,False,192.4
P777,32,0.738,Gate 1,49.73,1,True,False,44.61
P778,10,0.564,Shop 2,87.36,1,False,True,128.06
P779,66,0.38,Restaurant 1,159.38,1,False,True,221.37
P780,40,1.376,Gate 1,8.29,1,False,False,49.01
P781,56,0.882,Restaurant 1,119.58,1,True,False,159.87
P782,10,0.346,Restaurant 1,99.7,2,False,True,221.38
P783,36,0.59,Shop 1,131.92,1,False,True,127.1
P784,46,0.561,Restaurant 1,142.97,3,True,False,196.13
P785,48,1.216,Restaurant 1,73.42,1,True,False,189.94
P786,64,0.497,Restaurant 2,42.63,2,True,False,272.46
P787,39,1.611,Shop 1,68.79,1,True,False,100.68
P788,53,0.664,Shop 2,208.26,3,False,False,192.86
P789,31,1.012,Restaurant 1,100.09,1,True,False,196.23
P790,55,1.366,Restaurant 2,124.62,1,True,False,227.09
P791,37,1.07,Gate 3,35.46,1,False,False,108.39
P792,37,1.634,Shop 1,45.79,1,True,False,93.89
P793,26,0.534,Gate 2,33.03,1,True,False,65.19
P794,29,1.439,Gate 3,69.18,1,False,False,105.02
P795,76,0.322,Shop 2,147.06,1,False,True,135.25
P796,54,0.218,Gate 1,78.26,3,True,False,58.03
P797,27,1.098,Restaurant 2,23.79,1,False,False,264.67
P798,41,1.532,Restaurant 1,70.68,1,True,False,202.27
P799,43,1.176,Restaurant 1,63.15,1,True,False,144.4
P800,32,0.473,Information Desk,109.91,2,False,False,190.24
P801,40,1.349,Shop 1,59.12,1,True,False,103.61
P802,54,0.372,Restaurant 2,77.15,1,True,False,182.52
P803,44,0.483,Duty Free,266.63,3,True,False,195.48
P804,37,1.385,Information Desk,28.22,1,True,False,240.03
P805,50,1.019,Shop 2,22.02,1,False,False,211.09
P806,27,0.59,Gate 1,44.27,1,False,True,53.5
P807,37,1.307,Shop 1,100.84,1,True,False,114.04
P808,43,0.713,Gate 2,23.39,1,False,True,89.18
P809,37,1.481,Restaurant 2,54.89,1,True,False,260.39
P810,34,1.694,Shop 1,116.87,1,False,False,114.02
P811,33,0.949,Restaurant 2,23.06,1,True,False,252.56
P812,17,0.637,Shop 2,153.5,3,True,False,183.28
P813,50,1.217,Restaurant 2,42.76,1,True,False,260.04
P814,52,0.278,Shop 2,161.5,2,False,True,149.55
P815,42,0.799,Shop 2,73.07,2,True,False,109.25
P816,41,1.891,Gate 1,33.9,1,True,False,43.37
P817,36,0.691,Gate 1,46.03,2,True,False,49.11
P818,41,1.383,Restaurant 1,112.26,1,True,False,241.08
P819,20,0.773,Shop 2,98.09,1,True,False,136.15
P820,41,0.759,Shop 2,120.82,2,True,False,170.46
P821,11,0.235,Gate 2,91.83,2,False,True,72.42
P822,40,0.982,Gate 1,32.68,1,True,False,55.72
P823,30,0.537,Shop 2,131.21,3,True,False,130.57
P824,24,0.809,Gate 2,30.46,2,True,False,86.11
P825,36,0.995,Gate 1,24.98,1,True,False,46.39
P826,27,0.358,Gate 2,74.92,3,False,True,101.77
P827,36,1.33,Shop 2,100.67,1,False,False,126.76
P828,59,1.201,Duty Free,221.23,1,True,False,193.97
P829,28,0.639,Information Desk,37.59,1,True,False,172.1
P830,44,0.374,Shop 2,34.04,2,False,False,137.66
P831,43,0.657,Shop 1,115.56,2,True,False,94.23
P832,48,0.577,Gate 1,37.06,1,False,True,46.84
P833,37,0.562,Restaurant 2,120.97,1,False,True,240.77
P834,39,0.597,Restaurant 2,81.78,1,False,False,185.74
P835,28,0.853,Restaurant 1,61.86,1,True,False,200.04
P836,35,0.615,Shop 2,116.27,3,True,False,172.84
P837,40,1.148,Shop 1,105.55,1,True,False,99.85
P838,23,1.66,Shop 2,39.35,1,False,False,147.12
P839,61,0.923,Gate 1,44.23,1,True,False,47.51
P840,34,1.321,Gate 3,38.76,1,False,False,113.79
P841,65,0.683,Shop 1,134.01,2,True,False,111.22
P842,68,0.407,Restaurant 1,154.44,1,False,True,255.48
P843,44,1.373,Restaurant 2,109.46,1,True,False,232.0
P844,60,0.762,Shop 2,113.65,2,True,False,148.33
P845,38,0.578,Gate 2,32.34,1,False,True,78.82
P846,64,0.756,Information Desk,71.6,1,True,False,221.23
P847,35,1.9,Information Desk,55.16,1,True,False,166.67
P848,51,1.252,Duty Free,155.19,1,True,False,151.16
P849,69,0.286,Restaurant 2,26.36,1,False,True,247.26
P850,38,0.751,Restaurant 2,94.71,3,True,False,178.35
P851,43,1.368,Shop 1,99.59,1,True,False,112.74
P852,55,1.071,Shop 1,16.06,1,False,False,77.57
P853,34,0.492,Shop 2,113.19,1,True,False,163.47
P854,58,1.12,Restaurant 1,75.65,1,True,False,187.16
P855,66,0.288,Restaurant 1,146.08,1,False,True,206.02
P856,48,1.699,Restaurant 2,87.67,1,True,False,269.73
P857,19,1.337,Restaurant 2,77.31,1,True,False,191.55
P858,54,0.63,Gate 2,60.95,3,True,False,82.42
P859,48,0.603,Gate 1,27.13,1,False,True,28.67
P860,41,1.225,Shop 2,49.28,1,True,False,169.31
P861,15,1.111,Shop 1,36.39,1,False,False,64.61
P862,32,1.099,Shop 1,34.81,1,True,False,48.43
P863,57,0.736,Restaurant 2,228.97,2,True,False,323.94
P864,49,0.673,Shop 2,26.47,1,True,False,176.41
P865,47,0.833,Gate 2,41.43,1,False,False,70.77
P866,20,0.344,Shop 2,59.83,2,True,False,98.89
P867,40,0.633,Shop 1,164.65,3,True,False,110.55
P868,21,1.019,Restaurant 2,109.53,1,False,False,352.22
P869,47,1.024,Restaurant 2,190.6,2,True,False,214.99
P870,57,1.293,Gate 1,12.91,1,True,False,50.09
P871,46,1.67,Gate 1,27.01,1,True,False,58.94
P872,55,0.895,Shop 1,134.14,1,True,False,110.69
P873,41,1.088,Restaurant 2,76.54,1,True,False,171.66
P874,59,0.92,Restaurant 1,67.83,1,True,False,309.75
P875,55,0.704,Gate 2,43.55,1,False,False,74.11
P876,51,0.62,Restaurant 2,136.49,2,True,False,344.38
P877,26,1.568,Restaurant 2,82.83,1,False,False,302.76
P878,43,0.333,Duty Free,86.94,2,False,True,175.59
P879,12,0.567,Restaurant 2,109.38,1,False,True,372.64
P880,59,0.709,Duty Free,324.51,3,True,False,176.38
P881,40,0.797,Duty Free,134.58,1,False,True,191.41
P882,10,0.556,Duty Free,48.41,1,False,True,258.76
P883,32,0.67,Shop 2,97.9,3,True,False,152.79
P884,36,0.599,Shop 2,47.01,1,False,True,151.09
P885,72,0.483,Restaurant 2,162.27,1,False,True,262.73
P886,55,1.401,Shop 2,34.11,1,True,False,154.71
P887,25,1.164,Gate 3,64.63,1,True,False,83.48
P888,46,0.549,Shop 2,48.92,1,True,False,164.67
P889,38,1.443,Shop 1,105.22,1,True,False,106.44
P890,37,0.784,Shop 2,88.77,2,True,False,144.76
P891,45,1.29,Information Desk,57.6,1,True,False,269.04
P892,51,0.912,Gate 2,48.94,1,True,False,80.4
P893,33,0.908,Shop 2,81.18,1,True,False,148.45
P894,50,1.357,Gate 3,52.5,1,True,False,105.19
P895,35,1.503,Shop 2,66.53,1,False,False,160.42
P896,44,0.905,Gate 1,26.29,1,True,False,51.4
P897,42,0.719,Gate 1,35.75,1,True,False,50.58
P898,31,1.165,Duty Free,82.97,1,True,False,196.97
P899,51,0.683,Shop 2,136.79,3,True,False,143.28
P900,47,1.242,Gate 3,29.99,1,True,False,106.77
P901,23,1.422,Gate 2,52.09,1,True,False,101.72
P902,57,1.52,Shop 1,114.57,1,True,False,117.49
P903,40,0.366,Shop 2,95.81,3,True,False,104.82
P904,33,0.331,Shop 2,113.49,3,False,True,167.99
P905,65,0.953,Shop 1,74.78,1,True,False,109.94
P906,16,1.249,Duty Free,159.78,1,True,False,185.07
P907,50,1.283,Gate 2,8.05,1,True,False,84.08
P908,48,0.795,Gate 1,55.87,2,True,False,41.35
P909,31,1.302,Shop 1,50.99,1,True,False,70.32
P910,60,1.111,Restaurant 2,33.44,1,True,False,269.39
P911,40,1.459,Restaurant 1,61.33,1,True,False,209.24
P912,50,1.341,Shop 2,112.21,1,False,False,125.56
P913,50,1.228,Shop 2,55.07,1,True,False,104.36
P914,22,0.792,Shop 1,113.76,1,True,False,112.58
P915,58,1.169,Gate 2,45.64,1,True,False,74.4
P916,38,1.011,Shop 2,42.95,1,True,False,119.89
P917,36,0.667,Information Desk,46.76,1,False,True,249.64
P918,33,1.071,Restaurant 1,67.89,1,False,False,128.6
P919,48,0.877,Restaurant 2,101.63,1,True,False,215.63
P920,44,0.921,Shop 2,42.67,1,True,False,194.5
P921,42,1.261,Gate 1,42.59,1,True,False,39.58
P922,80,0.387,Restaurant 1,12.55,1,False,True,216.41
P923,44,0.64,Gate 1,49.66,3,True,False,61.37
P924,47,0.495,Restaurant 2,159.7,3,True,False,283.71
P925,40,1.025,Gate 1,20.38,1,True,False,69.73
P926,26,0.648,Gate 2,5.55,1,False,False,74.24
P927,59,1.191,Shop 2,87.36,1,True,False,198.72
P928,10,0.325,Restaurant 1,167.96,1,False,True,198.81
P929,45,0.679,Gate 1,42.29,2,True,False,53.49
P930,67,0.357,Restaurant 2,139.56,1,False,True,287.05
P931,47,0.614,Restaurant 2,83.19,1,False,True,294.02
P932,46,0.897,Shop 2,124.64,2,True,False,110.11
P933,36,0.934,Restaurant 1,29.34,1,False,False,215.0
P934,53,0.68,Information Desk,28.7,1,False,True,211.46
P935,26,0.81,Gate 2,26.17,1,True,False,93.37
P936,51,0.852,Gate 1,17.33,1,True,False,49.54
P937,10,0.34,Duty Free,157.58,2,False,True,148.95
P938,50,0.921,Restaurant 2,69.91,1,True,False,222.06
P939,21,0.223,Restaurant 1,84.11,1,False,True,184.01
P940,55,0.628,Restaurant 2,86.73,2,False,False,250.41
P941,36,1.128,Shop 1,121.35,1,True,False,90.2
P942,42,1.19,Gate 2,43.87,1,True,False,59.73
P943,37,0.29,Restaurant 1,76.89,3,False,True,226.84
P944,30,0.282,Duty Free,168.21,2,False,True,183.3
P945,46,0.634,Information Desk,72.96,1,True,False,153.68
P946,42,0.771,Gate 3,7.98,1,False,False,57.27
P947,42,1.35,Restaurant 2,56.21,1,True,False,237.45
P948,57,0.291,Shop 2,3.16,2,False,True,201.53
P949,49,0.965,Duty Free,101.12,1,True,False,209.82
P950,53,0.884,Gate 3,59.66,3,True,False,102.9
P951,48,0.745,Shop 1,157.98,2,True,False,140.01
P952,27,0.768,Information Desk,53.79,2,True,False,276.97
P953,69,0.213,Gate 2,68.04,3,False,True,59.55
P954,23,0.904,Restaurant 2,84.96,1,True,False,192.02
P955,43,0.851,Information Desk,0.0,2,True,False,211.88
P956,48,1.066,Gate 3,78.79,2,True,False,89.56
P957,37,1.177,Restaurant 1,98.12,1,True,False,172.17
P958,55,0.482,Shop 1,103.45,3,True,False,77.99
P959,62,0.521,Restaurant 1,112.43,2,False,False,234.12
P960,66,0.522,Restaurant 2,127.93,1,False,True,298.02
P961,30,1.342,Shop 2,35.08,1,False,False,159.28
P962,24,1.373,Shop 1,95.49,1,True,False,103.22
P963,26,1.075,Restaurant 1,140.78,1,False,False,222.98
P964,10,0.426,Gate 2,72.79,1,False,True,68.23
P965,37,0.914,Gate 3,20.45,1,True,False,78.87
P966,56,1.155,Restaurant 1,125.27,1,True,False,195.58
P967,46,0.609,Shop 2,77.76,2,True,False,166.17
P968,22,0.93,Gate 1,31.31,2,True,False,61.87
P969,28,0.79,Restaurant 1,63.02,3,True,False,163.27
P970,38,0.633,Information Desk,50.19,2,True,False,272.64
P971,51,1.009,Restaurant 2,40.62,1,False,False,192.57
P972,68,0.396,Gate 3,27.55,1,False,True,99.96
P973,44,1.535,Shop 2,118.65,1,True,False,186.67
P974,43,0.983,Shop 2,108.07,1,True,False,142.34
P975,44,0.546,Restaurant 1,69.6,1,False,True,289.79
P976,48,0.761,Shop 2,71.35,1,True,False,152.55
P977,55,0.314,Restaurant 1,129.38,2,True,False,243.77
P978,43,0.817,Gate 2,31.2,1,True,False,80.01
P979,46,1.295,Gate 1,17.51,1,True,False,38.34
P980,28,1.338,Shop 2,85.16,1,False,False,169.98
P981,40,0.52,Restaurant 2,251.4,3,True,False,243.56
P982,36,0.709,Duty Free,198.34,3,True,False,218.93
P983,10,0.333,Restaurant 1,195.78,2,False,True,134.14
P984,47,1.005,Restaurant 1,108.95,1,True,False,203.17
P985,55,0.273,Restaurant 2,138.93,1,True,False,244.85
P986,33,1.2,Shop 2,119.8,1,False,False,136.53
P987,43,0.653,Information Desk,99.37,3,True,False,251.5
P988,37,1.343,Restaurant 2,29.87,1,True,False,160.35
P989,12,0.39,Gate 2,36.03,2,False,True,95.35
P990,49,1.105,Restaurant 1,169.06,2,True,False,212.86
P991,59,0.866,Shop 2,24.26,1,True,False,163.38
P992,55,1.074,Gate 3,76.24,2,True,False,120.6
P993,48,0.71,Information Desk,55.5,3,False,False,224.67
P994,50,1.102,Shop 1,83.94,1,False,False,86.97
P995,34,1.034,Shop 2,68.53,1,True,False,185.48
P996,47,1.171,Restaurant 1,73.99,1,False,False,240.62
P997,28,1.102,Shop 1,92.27,2,False,False,74.47
P998,49,0.976,Shop 1,121.01,1,True,False,97.46
P999,25,1.102,Restaurant 1,130.84,1,True,False,141.49
P1000,43,0.967,Restaurant 2,35.02,1,True,False,239.35
